"701;5865;А ГАЕЧНО-ХОЛОДНО-ВЫСАДОЧ;"
"701;5964;А ГАЙКО-ВЫСАДОЧНЫЙ;"
"701;5735;А ГАЙКОНАРЕЗНОЙ;"
"701;8014;А ГАЙКОНАРЕЗНОЙ;"
"701;5734;А ГАЙКОНАРЕЗНОЙ 2-Х ШПИНД;"
"701;10160;А ОТРЕЗНОЙ;"
"701;5825;А ПРАВИЛЬНО-ОТРЕЗНОЙ;ШП-10745;"
"701;5830;А ПРАВИЛЬНО-ОТРЕЗНОЙ;"
"701;10562;А ПРАВИЛЬНО-ОТРЕЗНОЙ;"
"701;5874;А РЕЗЬБОНАКАТНОЙ;"
"701;5875;А РЕЗЬБОНАКАТНОЙ;?"
"701;5877;А РЕЗЬБОНАКАТНОЙ;"
"701;7575;А РЕЗЬБОНАКАТНОЙ;"
"701;10156;А РЕЗЬБОНАКАТНОЙ;"
"701;10634;А РЕЗЬБОНАКАТНОЙ;"
"701;5857;А ХОЛОДНО-ВЫСАДОЧНЫЙ;"
"701;5860;А ХОЛОДНО-ВЫСАДОЧНЫЙ;"
"701;5861;А ХОЛОДНО-ВЫСАДОЧНЫЙ;"
"701;5862;А ХОЛОДНО-ВЫСАДОЧНЫЙ;"
"701;5866;А ХОЛОДНО-ВЫСАДОЧНЫЙ;"
"701;7681;А ХОЛОДНО-ВЫСАДОЧНЫЙ;"
"701;7998;А ХОЛОДНО-ВЫСАДОЧНЫЙ;"
"701;9002;А ХОЛОДНО-ВЫСАДОЧНЫЙ;"
"701;9159;А ХОЛОДНО-ВЫСАДОЧНЫЙ;?"
"701;9400;А ХОЛОДНО-ВЫСАДОЧНЫЙ;"
"701;11323;АВТОМАТ ХОЛОД ШТАМПОВКИ /;"
"701;27474;АВТОМАТ ХОЛОДНОВЫСАДОЧНЫЙ А 1218;А 1218;"
"701;27561;АВТОМАТ ХОЛОДНОВЫСАДОЧНЫЙ А 1221А;А 1221А;"
"701;9109;""КРАН-БАЛКА ЭЛ; 3Т; РЕГ.№ 198"";198"
"701;5868;П/А С ПЛОСК.ПЛ.;"
"701;8621;ПИЛА НОЖОВОЧНАЯ;"
"701;5895;ПРЕСС;"
"701;27630;РЕЗЬБОНАКАТНОЙ СТАНОК А2418;А2418;"
"701;27685;РЕЗЬБОНАКАТНОЙ СТАНОК А2418А;А2418А;"
"701;27628;РЕЗЬБОНАКАТНОЙ СТАНОК А2518А;А2518А;"
"701;5846;СТ ВОЛОЧИЛЬНО-ОДНОК.;50Т;"
"701;5848;СТ ВОЛОЧИЛЬНО-ОДНОК.;20Т;"
"701;6151;СТ ГАЙКО-ВЫСАДОЧНЫЙ;"
"701;5842;СТ ОБЖИМНОЙ;"
"701;5844;СТ ОБЖИМНОЙ;"
"701;5916;СТ ПРАВИЛЬНЫЙ;"
"701;8502;СТ РЕЗЬБОНАКАТНОЙ;"
"701;7325;СТ СПЕЦ РЕЗЬБОНАКАТНОЙ;ГД-8;?"
"701;10074;СТ ТОКАРНО-ВИНТОРЕЗНЫЙ;1К62;"
"701;5979;СТ ТОКАРНО-ДОВОДНОЙ;"
"701;11488;СТАНОК ГАЙКОНАРЕЗН;МН62;"
"701;27556;СТАНОК РЕЗЬБОНАКАТНОЙ А2418А;А2418А;"
"701;10528;ХОЛОДНО-ВЫСАДОЧНЫЙ АВТОМАТ;А1221А;"
"701;27627;ХОЛОДНОВЫСАДОЧНЫЙ АВТОМАТ А 1216;"
"713;5839;А Д/ИЗГОТОВЛЕНИЯ ПРУЖИНЫ;"
"713;5837;А Д/НАВИВКИ ПРОВОЛОКИ;"
"713;9251;А Д/НАВИВКИ ПРУЖИНЫ;"
"713;5829;А ПРАВИЛЬНО-ОТРЕЗНОЙ;"
"713;5833;А ПРУЖИНО-НАВИВОЧНЫЙ;"
"713;5834;А ПРУЖИНО-НАВИВОЧНЫЙ;"
"713;5835;А ПРУЖИНО-НАВИВОЧНЫЙ;"
"713;5836;А ПРУЖИНО-НАВИВОЧНЫЙ;"
"713;5841;А ПРУЖИНО-НАВИВОЧНЫЙ;"
"713;10095;А ПРУЖИНО-НАВИВОЧНЫЙ;"
"713;10468;А ПРУЖИНО-НАВИВОЧНЫЙ;"
"713;9132;А ПРУЖИНОНАВИВ.;"
"713;5755;СТ Д/ШЛИФОВКИ ТОРЦ.;"
"713;5739;СТ Д/ШЛИФОВКИ ТОРЦА;"
"713;27473;СТАНОК ПРУЖИННОНАВИВОЧНЫЙ ЗИМ 430;ЗИМ 430;"
"713;27472;СТАНОК ПРУЖИННОНАВИВОЧНЫЙ SFMU 25/70;SFMU 25/70;"
"713;27735;ЭЛЕКТРОПЕЧЬ СНОЛ;"
"715;8895;А Д/НАКАТКИ РЕЗЬБЫ;"
"715;10672;А Д/ПЛ ШПРИЦА;ШП-11164;"
"715;5742;А Д/СВЕРЛЕНИЯ;?"
"715;5743;А Д/СВЕРЛЕНИЯ ЗАКЛЕПОК;"
"715;5754;А Д/СВЕРЛЕНИЯ ЗАКЛЕПОК;"
"715;5753;А Д/СВЕРЛЕНИЯ И ЗЕНКОВАНИ;"
"715;5741;А Д/СВЕРЛЕНИЯ ОСЕЙ;"
"715;10712;А Д/СВЕРЛЕНИЯ ПЛАСТИН;"
"715;10713;А Д/СВЕРЛЕНИЯ ПЛАСТИН;"
"715;10711;А Д/СВЕРЛЕНИЯ ПЛУНЖЕРА;"
"715;9752;А РЕЗЬБОНАКАТНОЙ;"
"715;8523;А ТОКАРНО-РЕВОЛЬВЕРНЫЙ;1Д-118;"
"715;27684;АБРАЗИВНО-ЗАТОЧНОЙ СТАНОК 3Б634;3Б634;"
"715;3305;АГР ПЫЛЕСТРУЖКООТСАСЫВАЮЩ;"
"715;4167;АГРЕГАТНО СВЕРЛИЛЬНЫЙ СТАНОК С КОРРЕКЦИОННЫМ СТОЛОМ АВТОМАТИЧЕСКИ ДЕЙСТВУЮЩИМ ЦИКЛОМ;ХА1038;"
"715;27553;БАРАБАН ГАЛТОВОЧНЫЙ 5400-4015;5400-4015;"
"715;4032;ВЕРТИКАЛЬНО-СВЕРЛИЛЬНЫЙ ОДНОШПИНДЕЛЬНЫЙ СТАНОК;2118А;"
"715;4034;ВЕРТИКАЛЬНО-СВЕРЛИЛЬНЫЙ ОДНОШПИНДЕЛЬНЫЙ СТАНОК;2118А;"
"715;4040;ВЕРТИКАЛЬНО-СВЕРЛИЛЬНЫЙ ОДНОШПИНДЕЛЬНЫЙ СТАНОК;2125;"
"715;4042;ВЕРТИКАЛЬНО-СВЕРЛИЛЬНЫЙ ОДНОШПИНДЕЛЬНЫЙ СТАНОК;2125;"
"715;4044;ВЕРТИКАЛЬНО-СВЕРЛИЛЬНЫЙ ОДНОШПИНДЕЛЬНЫЙ СТАНОК;"
"715;4203;ВЕРТИКАЛЬНО-СВЕРЛИЛЬНЫЙ ОДНОШПИНДЕЛЬНЫЙ СТАНОК;2Н 118;"
"715;4206;ВЕРТИКАЛЬНО-СВЕРЛИЛЬНЫЙ ОДНОШПИНДЕЛЬНЫЙ СТАНОК;2125;"
"715;4047;ВЕРТИКАЛЬНО-СВЕРЛИЛЬНЫЙ СТАНОК;2412;"
"715;4050;ВЕРТИКАЛЬНО-СВЕРЛИЛЬНЫЙ СТАНОК;2412;"
"715;4051;ВЕРТИКАЛЬНО-СВЕРЛИЛЬНЫЙ СТАНОК;ШП-2218;"
"715;22356;МАШ ПРОФИЛЬНАЯ;""UPW-25;1"";"
"715;5737;П/А Д/ОБТАЧКИ КОНУСА;"
"715;5738;П/А Д/ПРОТОЧ.ПРОБ.;"
"715;5889;ПРЕСС;"
"715;7383;ПРЕСС;КД-2322;"
"715;9649;ПРЕСС;"
"715;10042;ПРЕСС;"
"715;10318;ПРЕСС;"
"715;9698;ПРЕСС ГИДРАВЛИЧЕСКИЙ;"
"715;9699;ПРЕСС ГИДРАВЛИЧЕСКИЙ;ШП-12217;"
"715;27467;ПРЕСС ГИДРАВЛИЧЕСКИЙ RUE-10;RUE-10;"
"715;27564;ПРЕСС КРИВОШИПНЫЙ К 2130;К 2130;"
"715;11320;РЕЗЬБОНАКАТ. СТ-К;ШП-41456;"
"715;3807;РЕЗЬБОНАКАТНОЙ СТАНОК;ШП-2075;"
"715;3808;РЕЗЬБОНАКАТНОЙ СТАНОК;ШП-2075;"
"715;3810;РЕЗЬБОНАКАТНОЙ СТАНОК;ШП-2091;?"
"715;3812;РЕЗЬБОНАКАТНОЙ СТАНОК;ШП-2091;"
"715;27730;РЕЗЬБОНАКАТНОЙ СТАНОК А2518;А2518;?"
"715;9178;СТ АГРЕГАТНЫЙ;3ХА-3496;"
"715;9179;СТ АГРЕГАТНЫЙ;"
"715;9671;СТ ВАЛКОВО-ПРОФИЛЬНЫЙ;"
"715;4031;СТ ВЕРТИКАЛЬНО-СВЕРЛИЛЬНЫ;2118А;"
"715;8225;СТ ВЕРТИКАЛЬНО-СВЕРЛИЛЬНЫ;"
"715;8831;СТ ВЕРТИКАЛЬНО-СВЕРЛИЛЬНЫ;"
"715;8960;СТ ВЕРТИКАЛЬНО-СВЕРЛИЛЬНЫ;"
"715;5782;СТ ВЕРТИКАЛЬНО-СВЕРЛИЛЬНЫЙ;"
"715;5789;СТ ВЕРТИКАЛЬНО-СВЕРЛИЛЬНЫЙ;2А125;"
"715;5792;СТ ВЕРТИКАЛЬНО-СВЕРЛИЛЬНЫЙ;"
"715;5794;СТ ВЕРТИКАЛЬНО-СВЕРЛИЛЬНЫЙ;?"
"715;9588;СТ ВЕРТИКАЛЬНО-СВЕРЛИЛЬНЫЙ;"
"715;6076;СТ ВЕРТИКАЛЬНО-ФРЕЗЕРНЫЙ;?"
"715;3366;СТ ГОРИЗОНТАЛЬНО-ФРЕЗЕРНЫ;?"
"715;8207;СТ ГОРИЗОНТАЛЬНО-ФРЕЗЕРНЫ;6Р80Г;"
"715;8645;СТ ГОРИЗОНТАЛЬНО-ФРЕЗЕРНЫ;"
"715;8672;СТ ГОРИЗОНТАЛЬНО-ФРЕЗЕРНЫ;?"
"715;22336;СТ ГОРИЗОНТАЛЬНО-ФРЕЗЕРНЫ;"
"715;5800;СТ ГОРИЗОНТАЛЬНО-ФРЕЗЕРНЫЙ;6И80Г;?"
"715;8798;СТ Д/НАК.РЕЗЬБ.РОЛИК.;"
"715;8797;СТ Д/НАК/РЕЗЬБ.РОЛИК.;"
"715;10372;СТ Д/ПРИТИРКИ КРАН;?"
"715;22320;СТ НАКАТНОЙ 2-Х РОЛИКОВЫЙ;?"
"715;9402;СТ НАСТОЛЬНО-СВЕРЛИЛЬНЫЙ;"
"715;10978;СТ СВЕРЛИЛЬНЫЙ;"
"715;10993;СТ СВЕРЛИЛЬНЫЙ;"
"715;10994;СТ СВЕРЛИЛЬНЫЙ;"
"715;11012;СТ СВЕРЛИЛЬНЫЙ;"
"715;5705;СТ ТОКАРНО-РЕВОЛЬВЕРНЫЙ;1Н-318;"
"715;5803;СТ УНИВ ГОРИЗОНТАЛЬНО-ФРЕЗЕРНЫЙ;"
"715;6068;СТ УНИВ ГОРИЗОНТАЛЬНО-ФРЕЗЕРНЫЙ;6М82;"
"715;10853;СТ ФРЕЗЕРНЫЙ;"
"715;10854;СТАНОК ФРЕЗЕРНЫЙ ШП-40730;?"
"715;27477;СТАНОК НАСТОЛЬНО-СВЕРЛИЛЬНЫЙ 2М112;2М112;?"
"715;27478;СТАНОК НАСТОЛЬНО-СВЕРЛИЛЬНЫЙ 2М112;2М112;"
"715;27574;СТАНОК НАСТОЛЬНО-СВЕРЛИЛЬНЫЙ 2М112;2М112;"
"715;27575;СТАНОК НАСТОЛЬНО-СВЕРЛИЛЬНЫЙ 2М112;2М112;?"
"715;27606;""СТАНОК РЕЗЬБОНАКАТНОЙ UPW 6,3;UPW 6,3*40;"
"715;28006;СТАНОК СВЕРЛИЛЬНЫЙ РЕДУКТОРНЫЙ STALEX SHD-40PF PRO;STALEX SHD-40PF PRO;"
"715;27468;СТАНОК ТОКАРНО-РЕВОЛЬВЕРНЫЙ 1К341;1К391;"
"717;7574;АВТОМАТ ТОКАРНЫЙ 6-ТИ ШПИНДЕЛЬНЫЙ;1А240-6;3"
"717;7597;АВТОМАТ ТОКАРНЫЙ 6-ТИ ШПИНДЕЛЬНЫЙ;1Б265-6К;1"
"717;7689;АВТОМАТ ТОКАРНЫЙ 6-ТИ ШПИНДЕЛЬНЫЙ;1А240-6;28"
"717;8064;АВТОМАТ ТОКАРНЫЙ 6-ТИ ШПИНДЕЛЬНЫЙ;1Б240-6;33"
"717;8065;АВТОМАТ ТОКАРНЫЙ 6-ТИ ШПИНДЕЛЬНЫЙ;1Б240-6;9"
"717;8222;АВТОМАТ ТОКАРНЫЙ 6-ТИ ШПИНДЕЛЬНЫЙ;1Б240-6;32"
"717;8223;АВТОМАТ ТОКАРНЫЙ 6-ТИ ШПИНДЕЛЬНЫЙ;1Б240-6;34"
"717;8525;АВТОМАТ ТОКАРНЫЙ 6-ТИ ШПИНДЕЛЬНЫЙ;1Б240-6;45"
"717;8526;АВТОМАТ ТОКАРНЫЙ 6-ТИ ШПИНДЕЛЬНЫЙ;1Б240-6;44"
"717;8527;АВТОМАТ ТОКАРНЫЙ 6-ТИ ШПИНДЕЛЬНЫЙ;1Б240-6;38"
"717;9127;АВТОМАТ ТОКАРНЫЙ 6-ТИ ШПИНДЕЛЬНЫЙ;1Б240-6;5"
"717;9604;АВТОМАТ ТОКАРНЫЙ 6-ТИ ШПИНДЕЛЬНЫЙ;1Б240-6;26"
"717;9663;АВТОМАТ ТОКАРНЫЙ 6-ТИ ШПИНДЕЛЬНЫЙ;1Б240-6;41"
"717;9705;АВТОМАТ ТОКАРНЫЙ 6-ТИ ШПИНДЕЛЬНЫЙ;1Б240-6;29"
"717;10161;АВТОМАТ ТОКАРНЫЙ 6-ТИ ШПИНДЕЛЬНЫЙ;КСА-65;13"
"717;10190;АВТОМАТ ТОКАРНЫЙ 6-ТИ ШПИНДЕЛЬНЫЙ;ЖА-609;6"
"717;10651;АВТОМАТ ТОКАРНЫЙ 6-ТИ ШПИНДЕЛЬНЫЙ;1Б240-6;10"
"717;10652;АВТОМАТ ТОКАРНЫЙ 6-ТИ ШПИНДЕЛЬНЫЙ;1Б240-6;24"
"717;22324;АВТОМАТ ТОКАРНЫЙ 6-ТИ ШПИНДЕЛЬНЫЙ;1Б240-6;12"
"717;22364;АВТОМАТ ТОКАРНЫЙ 6-ТИ ШПИНДЕЛЬНЫЙ;1Б240-6;25"
"717;24995;АВТОМАТ ТОКАРНЫЙ 6-ТИ ШПИНДЕЛЬНЫЙ;1Б265-6К;14"
"717;3306;АГР ПЫЛЕСТРУЖКООТСАСЫВАЮЩ;"
"717;9015;КОНВЕЙЕР ШНЕКОВЫЙ;"
"717;9016;КОНВЕЙЕР ШНЕКОВЫЙ;"
"717;9017;КОНВЕЙЕР ШНЕКОВЫЙ;"
"717;9018;КОНВЕЙЕР ШНЕКОВЫЙ;"
"717;9019;КОНВЕЙЕР ШНЕКОВЫЙ;"
"717;9020;КОНВЕЙЕР ШНЕКОВЫЙ;"
"717;22319;КОНВЕЙЕР ШНЕКОВЫЙ;"
"717;8720;П/АВТОМАТ ТОКАРНЫЙ 6-ТИ ШПИНДЕЛЬНЫЙ;1Б265-6К;31"
"717;9265;СПЕЦИАЛЬНЫЙ ТОКАРНЫЙ 6 ШПИНДЕЛЬНЫЙ АВТОМАТ;1Б265-6К;7"
"717;9706;СПЕЦИАЛЬНЫЙ ТОКАРНЫЙ 6 ШПИНДЕЛЬНЫЙ АВТОМАТ;1Б265-6К;8"
"717;3818;ТОКАРНЫЙ 6 ШПИНДЕЛЬНЫЙ ГОРИЗОНТАЛЬНЫЙ ПРУТКОВЫЙ АВТОМАТ;1А240-6;35"
"717;3821;ТОКАРНЫЙ 6 ШПИНДЕЛЬНЫЙ ГОРИЗОНТАЛЬНЫЙ ПРУТКОВЫЙ АВТОМАТ;1А240-6;18"
"717;3822;ТОКАРНЫЙ 6 ШПИНДЕЛЬНЫЙ ГОРИЗОНТАЛЬНЫЙ ПРУТКОВЫЙ АВТОМАТ;1А240-6;43"
"717;3824;ТОКАРНЫЙ 6 ШПИНДЕЛЬНЫЙ ГОРИЗОНТАЛЬНЫЙ ПРУТКОВЫЙ АВТОМАТ;1А240-6;15"
"717;3828;ТОКАРНЫЙ 6 ШПИНДЕЛЬНЫЙ ГОРИЗОНТАЛЬНЫЙ ПРУТКОВЫЙ АВТОМАТ;1А240-6;16"
"717;3829;ТОКАРНЫЙ 6 ШПИНДЕЛЬНЫЙ ГОРИЗОНТАЛЬНЫЙ ПРУТКОВЫЙ АВТОМАТ;1А240-6;11"
"717;3830;ТОКАРНЫЙ 6 ШПИНДЕЛЬНЫЙ ГОРИЗОНТАЛЬНЫЙ ПРУТКОВЫЙ АВТОМАТ;1А240-6;4"
"717;4113;ТОКАРНЫЙ АВТОМАТ;1А240-6;36"
"717;4114;ТОКАРНЫЙ АВТОМАТ;1А240-6;37"
"717;4117;ТОКАРНЫЙ АВТОМАТ;1А240-6;27"
"717;7215;ТОКАРНЫЙ АВТОМАТ;1А240-6;30"
"717;7257;ТОКАРНЫЙ АВТОМАТ;1265М-6;2"
"717;7374;ТОКАРНЫЙ АВТОМАТ;1А240-6;40"
"717;7375;ТОКАРНЫЙ АВТОМАТ;1А240-6;39"
"717;7572;ТОКАРНЫЙ АВТОМАТ;1А240-6;42"
"717;27629;ШЕСТИШПИНДЕЛЬНЫЙ АВТОМАТ КСА6-100;КСА6-100;"
"719;10449;А ОДНОШПИНДЕЛЬНЫЙ;1В116П;58"
"719;10451;А СПЕЦ.ТОКАРНЫЙ 1 ШПИНДЕЛ;1И125;39"
"719;7669;А ТОКАРНО-РЕВОЛЬВЕРНЫЙ;1Д-118;48"
"719;7673;А ТОКАРНО-РЕВОЛЬВЕРНЫЙ;1Д-118;65"
"719;7994;А ТОКАРНО-РЕВОЛЬВЕРНЫЙ;1Д-118;66"
"719;7996;А ТОКАРНО-РЕВОЛЬВЕРНЫЙ;1Д-118;61"
"719;7997;А ТОКАРНО-РЕВОЛЬВЕРНЫЙ;1Д-118;29"
"719;8208;А ТОКАРНО-РЕВОЛЬВЕРНЫЙ;1Д-118;5"
"719;8209;А ТОКАРНО-РЕВОЛЬВЕРНЫЙ;1Д-118;6"
"719;8413;А ТОКАРНО-РЕВОЛЬВЕРНЫЙ;1Д-118;67"
"719;8414;А ТОКАРНО-РЕВОЛЬВЕРНЫЙ;1Д-118;4"
"719;8417;А ТОКАРНО-РЕВОЛЬВЕРНЫЙ;1М116;69"
"719;8418;А ТОКАРНО-РЕВОЛЬВЕРНЫЙ;1Д-118;17"
"719;8420;А ТОКАРНО-РЕВОЛЬВЕРНЫЙ;1Д-118;9"
"719;8517;А ТОКАРНО-РЕВОЛЬВЕРНЫЙ;1Д-118;54"
"719;8518;А ТОКАРНО-РЕВОЛЬВЕРНЫЙ;1Д-118;35"
"719;8684;А ТОКАРНО-РЕВОЛЬВЕРНЫЙ;1Д-118;63"
"719;9581;А ТОКАРНО-РЕВОЛЬВЕРНЫЙ;1М116;55"
"719;9621;А ТОКАРНО-РЕВОЛЬВЕРНЫЙ;1М116;71"
"719;10561;А ТОКАРНО-РЕВОЛЬВЕРНЫЙ;1И140;47"
"719;10590;А ТОКАРНО-РЕВОЛЬВЕРНЫЙ;1И140;27"
"719;10649;А ТОКАРНО-РЕВОЛЬВЕРНЫЙ;1В116П;19"
"719;22411;А ТОКАРНО-РЕВОЛЬВЕРНЫЙ;1Е125;26"
"719;22412;А ТОКАРНО-РЕВОЛЬВЕРНЫЙ;1Е125;60"
"719;22413;А ТОКАРНО-РЕВОЛЬВЕРНЫЙ;1Е125;59"
"719;22414;А ТОКАРНО-РЕВОЛЬВЕРНЫЙ;1Е125;36"
"719;10316;А ТОКАРНЫЙ;1Б125;25"
"719;7671;А ТОКАРНЫЙ ОДНОШПИНД;1Д-118;38"
"719;8520;А ТОКАРНЫЙ ОДНОШПИНД;1Д-118;32"
"719;8524;А ТОКАРНЫЙ ОДНОШПИНД;1Д-118;11"
"719;8633;А ТОКАРНЫЙ ОДНОШПИНД;1Д-118;49"
"719;10680;А ТОКАРНЫЙ ОДНОШПИНД;1В116П;23"
"719;9069;""КРАН-БАЛКА ЭЛ; 1Т; РЕГ.№ 197"";197"
"719;28087;КУЛАЧКОВЫЙ ТОКАРНЫЙ АВТОМАТ TD-26E;TD-26E;"
"719;9094;П/А ТОКАРНЫЙ 1 ШПИНД;1Д-112;18"
"719;10775;СТ СПЕЦ;1В116П;70"
"719;3867;ТОКАРНО-РЕВОЛЬВЕРНЫЙ ОДНОШПИНДЕЛЬНЫЙ ПРУТКОВЫЙ АВТОМАТ;1118;42"
"719;3868;ТОКАРНО-РЕВОЛЬВЕРНЫЙ ОДНОШПИНДЕЛЬНЫЙ ПРУТКОВЫЙ АВТОМАТ;1118;46"
"719;3869;ТОКАРНО-РЕВОЛЬВЕРНЫЙ ОДНОШПИНДЕЛЬНЫЙ ПРУТКОВЫЙ АВТОМАТ;1118;31"
"719;3870;ТОКАРНО-РЕВОЛЬВЕРНЫЙ ОДНОШПИНДЕЛЬНЫЙ ПРУТКОВЫЙ АВТОМАТ;1118;33"
"719;3871;ТОКАРНО-РЕВОЛЬВЕРНЫЙ ОДНОШПИНДЕЛЬНЫЙ ПРУТКОВЫЙ АВТОМАТ;1118;73"
"719;3878;ТОКАРНО-РЕВОЛЬВЕРНЫЙ ОДНОШПИНДЕЛЬНЫЙ ПРУТКОВЫЙ АВТОМАТ;1118;2"
"719;3879;ТОКАРНО-РЕВОЛЬВЕРНЫЙ ОДНОШПИНДЕЛЬНЫЙ ПРУТКОВЫЙ АВТОМАТ;1118;41"
"719;3880;ТОКАРНО-РЕВОЛЬВЕРНЫЙ ОДНОШПИНДЕЛЬНЫЙ ПРУТКОВЫЙ АВТОМАТ;1118;57"
"719;3881;ТОКАРНО-РЕВОЛЬВЕРНЫЙ ОДНОШПИНДЕЛЬНЫЙ ПРУТКОВЫЙ АВТОМАТ;1118;12"
"719;3882;ТОКАРНО-РЕВОЛЬВЕРНЫЙ ОДНОШПИНДЕЛЬНЫЙ ПРУТКОВЫЙ АВТОМАТ;1118;37"
"719;3884;ТОКАРНО-РЕВОЛЬВЕРНЫЙ ОДНОШПИНДЕЛЬНЫЙ ПРУТКОВЫЙ АВТОМАТ;1118;44"
"719;3885;ТОКАРНО-РЕВОЛЬВЕРНЫЙ ОДНОШПИНДЕЛЬНЫЙ ПРУТКОВЫЙ АВТОМАТ;1118;53"
"719;3886;ТОКАРНО-РЕВОЛЬВЕРНЫЙ ОДНОШПИНДЕЛЬНЫЙ ПРУТКОВЫЙ АВТОМАТ;1118;43"
"719;3888;ТОКАРНО-РЕВОЛЬВЕРНЫЙ ОДНОШПИНДЕЛЬНЫЙ ПРУТКОВЫЙ АВТОМАТ;1118;30"
"719;3889;ТОКАРНО-РЕВОЛЬВЕРНЫЙ ОДНОШПИНДЕЛЬНЫЙ ПРУТКОВЫЙ АВТОМАТ;1118;64"
"719;3890;ТОКАРНО-РЕВОЛЬВЕРНЫЙ ОДНОШПИНДЕЛЬНЫЙ ПРУТКОВЫЙ АВТОМАТ;1118;50"
"719;3893;ТОКАРНО-РЕВОЛЬВЕРНЫЙ ОДНОШПИНДЕЛЬНЫЙ ПРУТКОВЫЙ АВТОМАТ;1118;52"
"719;3896;ТОКАРНО-РЕВОЛЬВЕРНЫЙ ОДНОШПИНДЕЛЬНЫЙ ПРУТКОВЫЙ АВТОМАТ;1112;45"
"719;3900;ТОКАРНО-РЕВОЛЬВЕРНЫЙ ОДНОШПИНДЕЛЬНЫЙ ПРУТКОВЫЙ АВТОМАТ;1118;24"
"719;3902;ТОКАРНО-РЕВОЛЬВЕРНЫЙ ОДНОШПИНДЕЛЬНЫЙ ПРУТКОВЫЙ АВТОМАТ;1118;20"
"719;3904;ТОКАРНО-РЕВОЛЬВЕРНЫЙ ОДНОШПИНДЕЛЬНЫЙ ПРУТКОВЫЙ АВТОМАТ;1118;68"
"719;3907;ТОКАРНО-РЕВОЛЬВЕРНЫЙ ОДНОШПИНДЕЛЬНЫЙ ПРУТКОВЫЙ АВТОМАТ;1112;1"
"719;3915;ТОКАРНО-РЕВОЛЬВЕРНЫЙ ОДНОШПИНДЕЛЬНЫЙ ПРУТКОВЫЙ АВТОМАТ;1112;51"
"719;3916;ТОКАРНО-РЕВОЛЬВЕРНЫЙ ОДНОШПИНДЕЛЬНЫЙ ПРУТКОВЫЙ АВТОМАТ;1112;62"
"719;3921;ТОКАРНО-РЕВОЛЬВЕРНЫЙ ОДНОШПИНДЕЛЬНЫЙ ПРУТКОВЫЙ АВТОМАТ;1118;72"
"719;3924;ТОКАРНО-РЕВОЛЬВЕРНЫЙ ОДНОШПИНДЕЛЬНЫЙ ПРУТКОВЫЙ АВТОМАТ;1118;7"
"719;3925;ТОКАРНО-РЕВОЛЬВЕРНЫЙ ОДНОШПИНДЕЛЬНЫЙ ПРУТКОВЫЙ АВТОМАТ;1118;13"
"719;3927;ТОКАРНО-РЕВОЛЬВЕРНЫЙ ОДНОШПИНДЕЛЬНЫЙ ПРУТКОВЫЙ АВТОМАТ;1118;21"
"719;3934;ТОКАРНО-РЕВОЛЬВЕРНЫЙ ОДНОШПИНДЕЛЬНЫЙ ПРУТКОВЫЙ АВТОМАТ;1118;3"
"719;3937;ТОКАРНО-РЕВОЛЬВЕРНЫЙ ОДНОШПИНДЕЛЬНЫЙ ПРУТКОВЫЙ АВТОМАТ;1118;34"
"719;3863;ТОКАРНЫЙ ОДНОШПИНДЕЛЬНЫЙ ПРУТКОВЫЙ АВТОМАТ;1118;40"
"723;8244;А Д/НАРЕЗКИ ГАЙКИ;"
"723;9589;АВТОМАТ ТОКАРНЫЙ 6-ТИ ШПИНДЕЛЬНЫЙ;1Б240-6;"
"723;10157;АВТОМАТ ТОКАРНЫЙ 6-ТИ ШПИНДЕЛЬНЫЙ;1Б240-6;"
"723;10158;АВТОМАТ ТОКАРНЫЙ 6-ТИ ШПИНДЕЛЬНЫЙ;1Б240-6;"
"723;10269;АВТОМАТ ТОКАРНЫЙ 6-ТИ ШПИНДЕЛЬНЫЙ;1Б240-6;"
"723;10453;АВТОМАТ ТОКАРНЫЙ 6-ТИ ШПИНДЕЛЬНЫЙ;1Б240-6;"
"723;22358;АВТОМАТ ТОКАРНЫЙ 6-ТИ ШПИНДЕЛЬНЫЙ;КСП-160;"
"723;22373;АВТОМАТ ТОКАРНЫЙ 6-ТИ ШПИНДЕЛЬНЫЙ;1Б240-6;"
"723;4439;БЕСЦЕНТРО-ШЛИФОВАЛЬНЫЙ СТАНОК;ЗМ184;"
"723;9697;МАШ Д/СВАРКИ ТРЕНИЕМ;?"
"723;26456;МОЕЧНАЯ МАШИНА ДЛЯ ПРОМЫВ;"
"723;8947;П/А ПРОТЯЖНОЙ;"
"723;10009;П/А СВАРКИ ТРЕНИЕМ;"
"723;7452;П/А ТОКАРНЫЙ МНОГОРЕЗЦОВЫ;"
"723;3954;П/А ТОКАРНЫЙ МНОГОРЕЗЦОВЫЙ;"
"723;3957;П/А ТОКАРНЫЙ МНОГОРЕЗЦОВЫЙ;"
"723;3958;П/А ТОКАРНЫЙ МНОГОРЕЗЦОВЫЙ;"
"723;8941;П/А ТОКАРНЫЙ МНОГОРЕЗЦОВЫЙ;МТ-300;"
"723;8471;П/АВТОМАТ ТОКАРНЫЙ 8-ТИ ШПИНДЕЛЬНЫЙ;1Б265-8К;"
"723;8060;ПРЕСС 25ТН;"
"723;8074;ПРЕСС 25ТН;КД2324;"
"723;5347;ПРЕСС ПНЕВМАТИЧЕСКИЙ;ШП-3960;"
"723;10090;СТ БЕЗЦЕНТРО-ШЛИФОВАЛЬНЫЙ;"
"723;8650;СТ БЕСЦЕНТРО-ШЛИФОВАЛЬНЫ;"
"723;8107;СТ БЕСЦЕНТРО-ШЛИФОВАЛЬНЫЙ;"
"723;8108;СТ БЕСЦЕНТРО-ШЛИФОВАЛЬНЫЙ;"
"723;8725;СТ ВЕРТИКАЛЬНО-ФРЕЗЕРНЫЙ;"
"723;8494;СТ ГОРИЗОНТАЛЬНО-ПРОТЯЖНО;"
"723;9673;СТ Д/ГИБКИ ЗМЕЕВИКА;"
"723;8839;СТ Д/ГИБКИ РАДИАТ;"
"723;10882;СТ Д/НАКАТКИ ТРУБ;ШП-40962;"
"723;22392;СТ Д/ОБР.АЛЮМ.ПРОВ;ШП-40719;"
"723;10244;СТ Д/ПОДР.РАСВ.ТР;"
"723;10481;СТ Д/РЕДУЦИР.АЛЮМИН.ТРУБ;"
"723;4124;СТ КРУГЛО-ШЛИФОВАЛЬНЫЙ;3Б151;"
"723;4125;СТ КРУГЛО-ШЛИФОВАЛЬНЫЙ;"
"723;10091;СТ ПРОТЯЖНОЙ;"
"723;9846;СТ СПЕЦ ГИДРОКОПИР.;"
"723;4193;СТ ТОКАРНО-ВИНТОРЕЗНЫЙ;"
"723;4196;СТ ТОКАРНО-ВИНТОРЕЗНЫЙ;"
"723;10092;СТ ТОКАРНО-ВИНТОРЕЗНЫЙ;"
"723;25043;СТ ТОКАРНО-ВИНТОРЕЗНЫЙ;"
"723;3969;СТ ТОКАРНО-РЕВОЛЬВЕРНЫЙ;1336Р;"
"723;3973;СТ ТОКАРНО-РЕВОЛЬВЕРНЫЙ;1341;"
"723;8656;СТ ТОКАРНО-РЕВОЛЬВЕРНЫЙ;1К-341;"
"723;8910;СТ ТОКАРНО-РЕВОЛЬВЕРНЫЙ;1К-341;"
"723;8946;СТ ТОКАРНО-РЕВОЛЬВЕРНЫЙ;1К-341;"
"723;8966;СТ ТОКАРНО-РЕВОЛЬВЕРНЫЙ;1К-341;"
"723;9140;СТ ТОКАРНО-РЕВОЛЬВЕРНЫЙ;"
"723;10819;СТ ТОКАРНО-РЕВОЛЬВЕРНЫЙ;РМ-25;"
"723;10797;СТ ШЛИФОВАЛЬНЫЙ;"
"723;11709;СТ.КРУГЛОШЛИФОВАЛЬНЫЙ;"
"723;27463;СТАНОК АГРЕГАТНЫЙ ХА 11458;ХА 11458;"
"723;27464;СТАНОК АГРЕГАТНЫЙ ХА 11787;ХА 11787;"
"723;27562;СТАНОК БЕСЦЕНТРОВО-ШЛИФОВАЛЬНЫЙ 3М124;3М124;"
"723;27480;СТАНОК БЕСЦЕНТРОВО-ШЛИФОВАЛЬНЫЙ 3М184;3М184;"
"723;27469;СТАНОК ВЕРТИКАЛЬНО-ФРЕЗЕРНЫЙ ВФ93С105;ВФ93С105;"
"723;5626;СТАНОК ДЛЯ ГИБКИ ГИДРОУСИЛИТЕЛЯ РУЛЯ;ШП-11379;"
"723;5623;СТАНОК ДЛЯ ГИБКИ РАДИАТОРА ГИДРОУСИЛИТЕЛЯ;ШП-11366;"
"723;27475;СТАНОК КРУГЛОШЛИФОВАЛЬНЫЙ 3Б 153;3Б 153;"
"723;25614;СТАНОК МОД.;РП50К;"
"723;10726;СТАНОК СПЕЦИАЛЬНЫЙ ГОРИЗОНТАЛЬНО-ПРОТЯЖНЫЙ МП7 А545-014;"
"723;27470;СТАНОК ТОКАРНО-ВИНТОРЕЗНЫЙ ЕТ26;ЕТ 26;"
"723;27554;СТАНОК ТОКАРНЫЙ 16К20;16К20;"
"723;27476;СТАНОК ШПОНОЧНОФРЕЗЕРНЫЙ ДФ 88 М;ДФ 88 М;"
"723;3974;ТОКАРНО-РЕВОЛЬВЕРНЫЙ СТАНОК;1341;"
"723;26638;ТОКАРНЫЙ АВТОМАТ Д/ОБТОЧКИ;"
"723;7571;УНИВЕРСАЛЬНЫЙ КРУГЛО-ШЛИФОВАЛЬНЫЙ СТАНОК;К3512;"
"723;5630;УСТАНОВКА ДЛЯ ИСПЫТАНИЯ РАДИАТОРА ГИДРОУСИЛИТЕЛЯ;ШП-15945;"
"730;9831;А ГАЛЬВАНИЧЕСКИЙ;VAS-1;"
"730;9899;А ЦИНКОВАНИЯ;VAS-2;"
"730;28507;АГРЕГАТ ВЫПРЯМИТЕЛЬНЫЙ ТВ1-3200/12Т-2УХЛ4;ТВ1-3200/12Т-2УХЛ4;?"
"730;25602;""АППАРАТ """"ДЕЛЬТА М-70"""""";"
"730;9855;БАК;"
"730;9868;БАК;"
"730;28040;БАРАБАН С ЖЕСТКИМ КАТОДОМ ДЛЯ ЦИНКОВАНИЯ МЕЛКИХ ДЕТАЛЕЙ;"
"730;28041;БАРАБАН С ЖЕСТКИМ КАТОДОМ ДЛЯ ЦИНКОВАНИЯ МЕЛКИХ ДЕТАЛЕЙ;"
"730;25182;ВАННА Д/НЕЙТР-ЦИИ ТАРЫ;"
"730;25183;ВАННА Д/ПРОМЫВКИ ТАРЫ;"
"730;11423;ВАННА КАСКАДНОЙ ПРОМЫВКИ;"
"730;11424;ВАННА ОБЕЗЖИРИВ;"
"730;11346;ВАННА ПРОМЫВОЧНАЯ;"
"730;11413;ВАННА ТРАВЛЕНИЯ;"
"730;11414;ВАННА ТРАВЛЕНИЯ;"
"730;11415;ВАННА ТРАВЛЕНИЯ;"
"730;26733;ВАННА ТРАВЛЕНИЯ БУНТОВОГО;"
"730;28110;ВАННА ТРАВЛЕНИЯ НА ЛИНИЮ ШП-21471;"
"730;11422;ВАННА ЭЛЕКТРОПОЛИРОВКИ;"
"730;2998;ВЫПРЯМИТЕЛЬ;?"
"730;2999;ВЫПРЯМИТЕЛЬ;?"
"730;3002;ВЫПРЯМИТЕЛЬ;?"
"730;3304;ВЫПРЯМИТЕЛЬ;?"
"730;3322;ВЫПРЯМИТЕЛЬ;"
"730;3343;ВЫПРЯМИТЕЛЬ;"
"730;3344;ВЫПРЯМИТЕЛЬ;?"
"730;3387;ВЫПРЯМИТЕЛЬ;"
"730;3388;ВЫПРЯМИТЕЛЬ;"
"730;3000;ВЫПРЯМИТЕЛЬ ВАКР 3200-12В;?"
"730;3001;ВЫПРЯМИТЕЛЬ ВАКР 3200-12В;?"
"730;3437;ВЫПРЯМИТЕЛЬ Д/ГАЛЬВАН.ВАН;"
"730;3438;ВЫПРЯМИТЕЛЬ Д/ГАЛЬВАН.ВАН;"
"730;3439;ВЫПРЯМИТЕЛЬ Д/ГАЛЬВАН.ВАН;"
"730;3440;ВЫПРЯМИТЕЛЬ Д/ГАЛЬВАН.ВАН;"
"730;26759;ЕМКОСТЬ Д/РАЗВЕДЕНИЯ ЦИАНИСТОГО НАТРИЯ;"
"730;26760;ЕМКОСТЬ Д/РАЗВЕДЕНИЯ ЦИАНИСТОГО НАТРИЯ;"
"730;183;ЗДАНИЕ ГАЛЬВАНИЧ.ОТД-Я;"
"730;10759;КОЛОК ВАН;?"
"730;11345;КОМПЛ.ОБОР.ПОДАЧИ СЕРН КИ;"
"730;3293;КОМПЛЕКС ТР ПОДС;"
"730;9195;КРАН-БАЛКА;200"
"730;9825;КРАН-БАЛКА ЭЛ;207"
"730;9797;КРАН-БАЛКА ЭЛ 1Т;201"
"730;9799;КРАН-БАЛКА ЭЛ 1Т;203"
"730;22361;""КРАН-БАЛКА ЭЛ; 1Т; РЕГ.№ 202"";202"
"730;9867;ЛИНИЯ;АЛХ-101;"
"730;10342;ЛИНИЯ;АЛГ-81;"
"730;10317;ЛИНИЯ МЕХ.Д/ЦИН.ЛУЖ.И МЕД;ШП-19867;"
"730;28394;ЛИНИЯ ХИМ.ОКСИДИРОВАНИЯ И ФОСФАТИРОВАНИЯ ШП-22939;ШП-22939;"
"730;26451;ЛИНИЯ ХИМИЧЕСКОЙ ОЧИСТКИ;"
"730;25119;МОНОРЕЛЬС;451"
"730;25120;МОНОРЕЛЬС;452"
"730;25121;МОНОРЕЛЬС;453"
"730;25122;МОНОРЕЛЬС;454"
"730;10588;ПРЕОБРАЗОВАТЕЛЬ;?"
"730;26333;ПРОМРАЗВ ПЕРЕКАЧ СЕР КИСЛ;"
"730;9807;РЕАКТОР;?"
"730;9811;СБОРНИК;?"
"730;9827;""ТЕЛЬФЕР; 1Т; РЕГ.№ 209"";209"
"735;11120;А ТОКАРНЫЙ;"
"735;11121;А ТОКАРНЫЙ;"
"735;11160;А ТОКАРНЫЙ;"
"735;27772;АВТОМАТ ПРОДОЛЬНОГО ТОЧЕНИЯ QUICK-TECH S;QUICK-TECH S25I;12"
"735;27773;АВТОМАТ ПРОДОЛЬНОГО ТОЧЕНИЯ QUICK-TECH S;QUICK-TECH S25I;11"
"735;11347;ВЕРТИКАЛЬНО-ОБРАБАТЫВАЮЩИЙ ЦЕНТР;MCFV-LQ60LR;"
"735;22371;ВЕРТИКАЛЬНО-ФРЕЗЕРНЫЙ СТАНОК;6Т 13Ф3-1;"
"735;27035;ВЕРТИКАЛЬНО-ФРЕЗЕРНЫЙ СТАНОК MAXXMILL 50;MAXXMILL 500;2"
"735;26058;ГОРИЗОНТАЛЬНЫЙ ТОКАРНЫЙ СТАНОК OKUMA;OKUMA SOARER L270E;10"
"735;26059;ГОРИЗОНТАЛЬНЫЙ ТОКАРНЫЙ СТАНОК OKUMA;OKUMA SOARER L270E;9"
"735;25975;КОМПЬЮТЕР HP DX2000 МТ;"
"735;11117;СТ ТОКАРНО-ВИНТОРЕЗНЫЙ;"
"735;22359;СТ ТОКАРНО-ВИНТОРЕЗНЫЙ;"
"735;26822;СТАНОК ТОКАРНЫЙ С ЧПУ;FANUC OI-MATE SK50;"
"735;27036;СТАНОК MAXXTURN 25SM;MAXXTURN 25SM;1"
"735;26549;ТОКАРНО-ОБРАБАТЫВАЮЩИЙ ЦЕНТР;LB 300CX1000;3"
"735;27033;ТОКАРНЫЙ СТАНОК;TNC-20A;8"
"735;27034;ТОКАРНЫЙ СТАНОК;TNC-20A;7"
"735;28541;ТОКАРНЫЙ СТАНОК С ЧПУ КМТ КЕ36/750 (СК6136*750);КЕ36/750;"
"735;28542;ТОКАРНЫЙ СТАНОК С ЧПУ КМТ КЕ36/750 (СК6136*750);КЕ36/750;"
"735;27017;ТОКАРНЫЙ СТАНОК TNC-20А;TNC-20A;5"
"735;27016;ТОКАРНЫЙ СТАНОК TNC-20A;TNC-20A;4"
"735;27018;ТОКАРНЫЙ СТАНОК TNC-20A;TNC-20A;6"
"735;28156;""ШТАБЕЛЕР САМОХОДНЫЙ ЭЛЕКТРИЧЕСКИЙ ZOWELL XEB1525; СЕР.№ХЕВ2109007"";ZOWELL XEB1525;"
"735;27929;ЭЛЕКТРОШТАБЕЛЕР NOBLELIFT PS2026;PS2026;"
"740;23191;ВАННА ЗАКАЛОЧНАЯ;"
"740;22302;ВЫСОКОЧАСТОТНАЯ УСТАНОВКА;ВЧГ 2-100;"
"740;18470;КОРЗИНА ЗАГРУЗОЧНАЯ;"
"740;18471;КОРЗИНА ЗАГРУЗОЧНАЯ;"
"740;9104;""КРАН-БАЛКА; 3Т; РЕГ.№ 220"";220"
"740;10668;ЛИФТ Г/П 500;"
"740;9252;ПЕЧЬ;СШО10 10/10;1"
"740;27934;ПЕЧЬ КАМЕРНАЯ ПК-45;ПК-45;11"
"740;11380;ПОДСТАВКА ДЛЯ ОТЖИГА;ШП21277;"
"740;11381;ПОДСТАВКА ДЛЯ ОТЖИГА;ШП21276;"
"740;10482;ТВЕРДОМЕР;"
"740;5934;ТРАНСФОРМАТОР К ПЕЧАМ 2ШТ;СЧЗ;"
"740;5926;ЭЛЕКТРИЧЕСКАЯ ПЕЧЬ СОПРОТИВЛЕНИЯ ШАХТНАЯ;Ц-35;6"
"740;5927;ЭЛЕКТРИЧЕСКАЯ ПЕЧЬ СОПРОТИВЛЕНИЯ ШАХТНАЯ;""Ц-35"
"ПН-32"";2"
"740;4416;ЭЛЕКТРОПЕЧЬ ГАЗОВОЙ ЦЕМЕНТАЦИИ;ШП-10257;4"
"740;4419;ЭЛЕКТРОПЕЧЬ ГАЗОВОЙ ЦЕМЕНТАЦИИ;ШП-10257;8"
"740;4422;ЭЛЕКТРОПЕЧЬ ГАЗОВОЙ ЦЕМЕНТАЦИИ;ШП-10257;5"
"740;4415;ЭЛЕКТРОПЕЧЬ ЗАКАЛОЧНАЯ;9"
"740;5954;ЭЛЕКТРОПЕЧЬ СО ЩИТОМ ИЗР;СНЗ-6;3"
"760;22400;АВТОМАТ ДЛЯ ПОДРЕЗКИ КОРПУСА ШПРИЦА;ШП-40850;"
"760;10219;АВТОМАТ ДЛЯ РАСТОЧКИ КОРПУСА ШПРИЦА;ШП-40846;"
"760;9250;АВТОМАТИЧЕСКАЯ ЛИНИЯ НА КОРПУС ШПРИЦА;ШП-11555;"
"760;28278;""КРАН МОСТОВОЙ ЭЛЕКТРИЧЕСКИЙ КМОЭ 10-21;50 (ЕВРОСТАНДАРТ); 10Т; РЕГ.№ 455"";455"
"760;10675;НАКАТНОЙ СТАНОК;ШП-11556;"
"760;4244;ПРЕСС КРИВОШИПНЫЙ ОДНОСТОЕЧНЫЙ С ПЕРЕДВИЖНЫМ СТОЛОМ;П5-25;"
"760;4066;РЕЗЬБО-ФРЕЗЕРНЫЙ СТАНОК С П/АВТОМАТИЧЕСКИМ ЦИКЛОМ РАБОТЫ;563 Б;"
"760;4067;РЕЗЬБО-ФРЕЗЕРНЫЙ СТАНОК С П/АВТОМАТИЧЕСКИМ ЦИКЛОМ РАБОТЫ;563 Б;"
"760;28341;СН-550SA СТАНОК ЛЕНТОЧНОПИЛЬНЫЙ АВТОМАТИЧЕСКИЙ Д/РЕЗКИ ПОД УГЛОМ;"
"760;26975;СТАНОК;CARIF 260 BA CNC;"
"760;24653;СТАНОК ЛЕНТОЧНО-ОТРЕЗНОЙ;CARIF 260 BA С ВАРИАТОРОМ;"
"760;26583;СТАНОК ЛЕНТОЧНО-ОТРЕЗНОЙ;CARIF 320 BA CNC;"
"760;26112;СТАНОК ЛЕНТОЧНЫЙ ОТРЕЗНОЙ;CARIF 320 BA CNC;"
"760;28007;СТАНОК ПОЛУАВТОМАТИЧЕСКИЙ ЛЕНТОЧНОПИЛЬНЫЙ IMAS PSM 420/600M;IMAS PSM 420/600M;"
"ПСТ;27399;""КРАН КОНСОЛЬНЫЙ СТАЦИОНАРНЫЙ С РУЧНЫМ ПОВОРОТОМ; 0;5Т.; РЕГ.№ 446"";446"
"СТОЛОВАЯ;ЗБ19935;""ЛАРЬ МОРОЗИЛЬНЫЙ """"ОРСК"""""";"
"СТОЛОВАЯ;ЗБ23085;МЯСОРУБКА МИМ-300;"
";22407;А ХОЛОДНО-ВЫСАДОЧНЫЙ;?"
";27731;АБРАЗИВНО ОТРЕЗНОЙ СТАНОК 8А240;8А240;?"
";27572;АВТОМАТ ВОСЬМИШПИНДЕЛЬНЫЙ АА32;АА32;?"
";27340;""АВТОМАТ ГАЗ.ВОДЫ МОДЕЛЬ """"М-70"""""";?"
";27288;""АВТОМАТ ГАЗ.ВОДЫ СЕРИИ """"ДЕЛЬТА""""М70"";?"
";27289;""АВТОМАТ ГАЗ.ВОДЫ СЕРИИ """"ДЕЛЬТА""""М70"";"
";27655;АВТОМАТ ГАЗИРОВАННОЙ ВОДЫ АГВ240-2;"
";27005;""АВТОМАТ ГАЗИРОВАННОЙ ВОДЫ СЕРИИ """"ДЕЛЬТА"""""";"
";5826;АВТОМАТ ПРАВИЛЬНО-ОТРЕЗНОЙ;ШП-10795;?"
";22350;АГР ПЫЛЕСТРУЖКООТСАСЫВАЮЩ;"
";10872;АГР ПЫЛЕУЛАВЛИВАЮЩИЙ;?"
";10635;АГРЕГАТ;?"
";10636;АГРЕГАТ;?"
";5957;АП СВАРОЧНЫЙ;?"
";9805;АППАРАТ;?"
";9806;АППАРАТ;?"
";22362;АППАРАТ;?"
";22363;АППАРАТ;?"
";9866;""АППАРАТ 6;3М**3"";?"
";9801;АППАРАТ 033-1.06;?"
";9802;АППАРАТ 033-1.06 СА-10;?"
";9863;""АППАРАТ 6;0М**3"";?"
";10458;ВЕСЫ НАПОЛЬНЫЕ;?"
";ЗБ23093;ВЕСЫ ЦИФРОВЫЕ ВЕ-15 ТЕ;"
";ЗБ23091;ВЕСЫ ЭЛЕКТРОННЫЕ ПВ-15;"
";ЗБ23092;ВЕСЫ ЭЛЕКТРОННЫЕ ПВ-15;"
";22964;ВОДОПОДОГР ПАРОВ ПП2-6-22;"
";22965;ВОДОПОДОГР ПАРОВ ПП2-6-22;"
";5849;ВОЙЛОЧНЫЙ БАРАБАН;?"
";27759;ВОЛОЧИЛЬНЫЙ СТАН ВСМ 1/550;ВСМ 1/550;?"
";3436;ВЫПРЯМИТЕЛЬ СВАРОЧНЫЙ;?"
";5949;ГЕНЕРАТОР СВАРОЧНЫЙ;"
";ЗБ23095;ДЕЖА К ТЕСТОМОСУ ТММ-1М;"
";ЗБ23096;ДЕЖА К ТЕСТОМОСУ ТММ-1М;"
";ЗБ24998;ДИАГРАММА КАМЕРНАЯ;"
";25588;ЕМК.Д/ХРАН.ЦИАНИСТ.НАТРИЯ;?"
";25589;ЕМК.Д/ХРАН.ЦИАНИСТ.НАТРИЯ;?"
";22365;ЕМКОСТЬ 10М**3;?"
";648;ЕМКОСТЬ Д/ЖИДКОГО АРГОНА;"
";810;ЕМКОСТЬ Д/СОЛЯНОЙ КИСЛОТЫ;"
";15073;ЕМКОСТЬ С ПЛ.ДЛЯ МАСЛОПОЗ;?"
";3391;ЗАТОЧНОЙ СТАНОК ДЛЯ ПЛАШЕК;"
";4222;ЗАТОЧНОЙ СТАНОК НА КРУГЛОЙ КОЛОННЕ;3А-64Д;"
";4225;ЗАТОЧНОЙ СТАНОК НА КРУГЛОЙ КОЛОННЕ;3А-64Д;"
";4226;ЗАТОЧНОЙ СТАНОК НА КРУГЛОЙ КОЛОННЕ;3А-64Д;"
";4231;ЗАТОЧНОЙ СТАНОК НА КРУГЛОЙ КОЛОННЕ;3А-64Д;"
";170;ЗДАНИЕ КОРПУСА N 1;"
";172;ЗДАНИЕ N 1;"
";23086;КАРТОФЕЛЕЧИСТКА МОК-300;"
";26164;КОМП.HP DX2200 MT;?"
";25195;КОМПЬЮТЕР 486;?"
";26007;КОМПЬЮТЕР НР DX2000М;?"
";24196;КОМПЬЮТЕР CELERON 2000;?"
";26436;КОМПЬЮТЕР HP DC 5700 MT;?"
";18589;КОНДИНЦИОНЕР LG LW;"
";27103;КОНДИЦИОНЕР LG UV36.NKDRO;?"
";ЗБ24269;КОНДИЦИОНЕР LG W05LC;"
";2989;КОСЕТ ТР ПОД Я;?"
";23030;КРАН КОНСОЛЬНЫЙ ЭЛЕКТРИЧ;403"
";25874;""КРАН КОНСОЛЬНЫЙ; 0;5Т; РЕГ.№ 193"";193"
";28279;""КРАН МОСТОВОЙ ЭЛЕКТРИЧЕСКИЙ КМОЭ 10-21;50 (ЕВРОСТАНДАРТ); 10Т; РЕГ.№ 456"";456"
";27060;КРАН МОСТОВОЙ ЭЛЕКТРИЧЕСКИЙ ОДНОБАЛОЧНЫЙ;431"
";27061;КРАН МОСТОВОЙ ЭЛЕКТРИЧЕСКИЙ ОДНОБАЛОЧНЫЙ;432"
";27062;КРАН МОСТОВОЙ ЭЛЕКТРИЧЕСКИЙ ОДНОБАЛОЧНЫЙ;433"
";4308;КРАН-БАЛКА;26"
";10237;КРАН-БАЛКА;43"
";11138;КРАН-БАЛКА;393"
";4309;КРАН-БАЛКА ЭЛ;35"
";9823;КРАН-БАЛКА ЭЛ;205"
";8896;""КРАН-БАЛКА ЭЛ 5Т; РЕГ.№ 187"";187"
";9093;""КРАН-БАЛКА ЭЛ; 2Т; РЕГ.№ 188"";188"
";26213;""КРАН-БАЛКА; 3;2Т; РЕГ.№ 418"";ШП-19207;418"
";9010;""КРАН-БАЛКА; 3Т; РЕГ. № 195"";ШП-19207;195"
";9011;""КРАН-БАЛКА; 3Т; РЕГ.№ 196"";ШП-15620;196"
";9998;КРАН-ШТАБЕЛЕР;199"
";8375;ЛИНИЯ АВТОМАТИЧЕСКАЯ;ШП-11500;?"
";23089;""ЛИНИЯ РАЗДАЧИ ЛРП """"АСТА"""""";"
";9828;ЛИФТ;?"
";18555;ЛИФТ ЛТМ 100;"
";11495;МАЛООЧИСТН УС-КА СОГ-933;?"
";7569;МАШ МОЕЧНАЯ;ШП-19439;?"
";22360;МАШ МОЕЧНАЯ;"
";19585;""МАШИНА """"ИТИЛИЦА"""""";?"
";27632;МАШИНА ДЛЯ ИСПЫТАНИЯ ПРУЖИН TIME TLS-S20;"
";23088;МАШИНА ПОСУДОМОЕЧНАЯ;?"
";28366;МАШИНА ПОСУДОМОЕЧНАЯ КУПОЛЬНОГО ТИПА МПК-700К;"
";19588;МАШИНА ФОРМОВОЧНАЯ;?"
";11556;МИКРОМЕТР;?"
";4330;МОНОРЕЛЬС;ШП-6179;55"
";10576;МОНОРЕЛЬС;210"
";10527;МОНОРЕЛЬС 0.5Т;?"
";19594;МУКОПРОСЕИВАТЕЛЬ;?"
";26623;НОЖНИЦЫ УНИВЕРСАЛЬНЫЕ АВТ;?"
";27686;НОЖОВОЧНЫЙ СТАНОК 8Б72;?"
";ЗБ23192;ОБОГРЕВАТЕЛЬ;"
";23649;ОБОРУД.Д/РАЗВЕДЕНИЯ РЕАКТ;?"
";ЗБ23084;ОВОЩЕРЕЗКА МПР-350.02;"
";830;ОЧИСТНЫЕ СООРУЖЕНИЯ;?"
";4127;П/А БЕСЦЕНТРО-ШЛИФОВАЛЬНЫЙ;?"
";4128;П/А БЕСЦЕНТРО-ШЛИФОВАЛЬНЫЙ;?"
";10648;П/А СВАРОЧНЫЙ;?"
";5869;П/АВТОМАТ С КРУГЛЫМИ ПЛАШКАМИ;РН-1;?"
";ЗБ25710;ПЕЧЬ СВЧ SAMSUNG;"
";25686;ПИРОМЕТР М125;?"
";7431;ПЛОСКО-ШЛИФОВАЛЬНЫЙ СТАНОК;3271;"
";11379;ПОДКРАНОВ ПУТИ ДЛЯ ОПОРН;"
";2908;ПОДСТАНЦИЯ;"
";2907;ПОДСТАНЦИЯ КОМПЛ.ТРАНСФ.;?"
";2909;ПОДСТАНЦИЯ КОМПЛ.ТРАНСФ.;"
";10476;ПР ИЗМЕРЕН.ТВЕРДОСТИ;"
";7577;ПРЕСС;К2130;"
";11076;ПРЕСС ВИНТОВОЙ;?"
";27732;ПРЕСС КРИВОШИПНЫЙ КД 2126;КД 2126;?"
";27625;ПРЕСС НАСТОЛЬНЫЙ ШЕСТИПОЗИЦИОННЫЙ 3774;?"
";6358;ПРЕСС-НОЖНИЦЫ;"
";22760;ПРЕСС-ФОРМА ПФ-1050;?"
";22762;ПРЕСС-ФОРМА ПФ-1207;?"
";22584;ПРЕСС-ФОРМА ПФ-1169;?"
";22622;ПРЕСС-ФОРМА ПФ-1170;?"
";23019;ПРЕСС-ФОРМА ПФ-1200;?"
";22618;ПРЕСС-ФОРМА ПФ-177;?"
";22619;ПРЕСС-ФОРМА ПФ-178;?"
";22542;ПРЕССФОРМА 1118;?"
";22541;ПРЕССФОРМА 1189;?"
";22545;ПРЕССФОРМА ПФ-1119;?"
";22536;ПРЕССФОРМА ПФ-1156;?"
";22538;ПРЕССФОРМА ПФ-1165;?"
";10691;ПРЕССФОРМА ПФ-1166;?"
";10697;ПРЕССФОРМА ПФ-1199;?"
";10688;ПРЕССФОРМА ПФ-1202;?"
";22539;ПРЕССФОРМА ПФ-3174;?"
";22540;ПРЕССФОРМА ПФ-3179;?"
";10695;ПРЕССФОРМА ПФ-3180;?"
";10686;ПРЕССФОРМА СФ-08510;?"
";22534;ПРЕССФОРМА СФ-08510;?"
";19553;ПРОСЕИВАТЕЛЬ;?"
";27734;ПРОФИЛЕНАКАТНОЙ СТАНОК АБ 9518;?"
";27736;ПРУЖИННОНАВИВОЧНЫЙ СТАНОК А 5719;А 5719;?"
";27160;ПУШКА ЭЛЕКТРИЧЕСКАЯ ТЕПЛОВАЯ FRICO P303;?"
";27161;ПУШКА ЭЛЕКТРИЧЕСКАЯ ТЕПЛОВАЯ FRICO P303;?"
";27056;РЕФРИЖЕРАТОРНЫЙ ОСУШИТЕЛЬ ED 144;?"
";2964;СБОРКА;"
";9819;СБОРНИК;?"
";9820;СБОРНИК;?"
";9832;СБОРНИК;?"
";22327;СТ АГРЕГАТНЫЙ;ШП-11065;?"
";4134;СТ БЕСЦЕНТРОВАЛЬНЫЙ;?"
";9622;СТ ВЕРТИКАЛЬНО-СВЕРЛИЛЬНЫ;"
";10690;СТ ВЕРТИКАЛЬНО-СВЕРЛИЛЬНЫ;?"
";5814;СТ ВНУТРИ-ШЛИФОВАЛЬНЫЙ;"
";8503;СТ ВОЛОЧИЛЬНЫЙ;1/750;?"
";9543;СТ ГОРИЗОНТАЛЬНО-ПРОТЯЖНОЙ;?"
";10943;СТ Д/РЕЗ.ТРУБ;ШП-41102;?"
";10891;СТ ДЕРЕВООБРАБАТЫВАЮЩИЙ;1БДЕ200;"
";8888;СТ ЗАТОЧНОЙ;"
";8950;СТ ЗАТОЧНОЙ;3А642;"
";8242;СТ КРУГЛО-ШЛИФОВАЛЬНЫЙ БЦ;3М184;?"
";7430;СТ ПОПЕРЕЧНО-СТРОГАЛЬНЫЙ;7Б35;?"
";3963;СТ ТОКАРНО-ВИНТОРЕЗНЫЙ;1К62;?"
";9070;СТ ТОКАРНО-ВИНТОРЕЗНЫЙ;"
";10921;СТ ТОКАРНО-ВИНТОРЕЗНЫЙ;"
";ЗБ25114;СТ ТОКАРНО-ОБТОЧН.;ШП-11065;"
";ЗБ25112;СТ ТОКАРНО-РЕВОЛЬВЕР;ПИТЛЕР;"
";10586;СТ ТОКАРНО-РЕВОЛЬВЕРНЫЙ;1И140;"
";8529;СТ ТОЧИЛЬНО-ШЛИФОВАЛЬНЫЙ;3Б634;?"
";10521;СТ ТОЧИЛЬНО-ШЛИФОВАЛЬНЫЙ;?"
";3193;СТАБИЛИЗАТОР ОГРАНИЧЕНИЙ;"
";27462;СТАНОК ТОКАРНО-ВИНТОРЕЗНЫЙ 1М63;1М63;"
";22408;СТАНОК ТОКАРНО-РЕВОЛЬВЕРНЫЙ;1Е-125ХС;"
";15182;СТЕЛЛАЖ Д/ПОДАЧИ ТРУБ;?"
";22457;ТВЕРДОМЕР;?"
";18282;ТЕЛЕЖКА Д/ПЕРЕВОЗКИ ЕМКОС;"
";1594;ТЕЛЕЖКА ДЛЯ ПЕР.МАСЛ.;"
";1596;ТЕЛЕЖКА ДЛЯ ПЕР.МАСЛ.;"
";13718;ТЕЛЕЖКА ДЛЯ ПЕР.МАСЛ.;"
";25001;ТЕПЛОЭНЕРГОКОНТРОЛЕР;?"
";19592;ТЕСТОМЕСИЛЬНАЯ МАШИНА;?"
";27650;ТОКАРНО-ВИНТОРЕЗНЫЙ СТАНОК 16Е16КВ;16Е16КВ;?"
";10430;ТРАНСФОРМАТОР СВАРОЧНЫЙ;ТДМ-401;"
";4224;УНИВЕРСАЛЬНО ЗАТОЧНОЙ СТАНОК;3А-64Д;"
";2929;УСТ КА КОНДЕНСАТОРНАЯ;"
";2930;УСТ КА КОНДЕНСАТОРНАЯ;"
";2931;УСТ КА КОНДЕНСАТОРНАЯ;"
";22966;УСТ-КА ГРУ;13-2Н9I;"
";22967;УСТ-КА ГРУ 03М-2УI;"
";26075;УСТ-КА ДЛЯ ВЫРГУЗКИ БАРАБ;"
";2749;УСТ-КА КОНДЕНСАТОРНАЯ;?"
";2927;УСТ-КА КОНДЕНСАТОРНАЯ;"
";2973;УСТ-КА КОНДЕНСАТОРНАЯ;?"
";2974;УСТ-КА КОНДЕНСАТОРНАЯ;?"
";2975;УСТ-КА КОНДЕНСАТОРНАЯ;?"
";2982;УСТ-КА КОНДЕНСАТОРНАЯ;?"
";2983;УСТ-КА КОНДЕНСАТОРНАЯ;?"
";2984;УСТ-КА КОНДЕНСАТОРНАЯ;?"
";2985;УСТ-КА КОНДЕНСАТОРНАЯ;?"
";2995;УСТ-КА КОНДЕНСАТОРНАЯ;?"
";3424;УСТ-КА КОНДЕНСАТОРНАЯ;?"
";26509;УСТАНОВКА ДЛЯ НАВИВКИ СПИРАЛИ;?"
";18998;ФИЛЬТР С ОБРАТНОЙ ПРОМЫВ.;"
";18999;ФИЛЬТР С ОБРАТНОЙ ПРОМЫВ.;"
";ЗБ23090;""ФРИТЮРНИЦА """"BOCH"""""";"
";18350;ХОЛОДИЛЬНИК /140/;?"
";26055;ХОЛОДИЛЬНИК НОРД;?"
";19628;ХОЛОДИЛЬНИК ПВХС;?"
";27626;ХОЛОДНОВЫСАДОЧНЫЙ АВТОМАТ А1216;?"
";28195;ШКАФ ЖАРОЧНЫЙ 3-Х СЕКЦИОННЫЙ ШЭЖП-3;"
";23087;ШКАФ ЖАРОЧНЫЙ ШЖЭ-3;"
";ЗБ22187;ШКАФ ПЛАТ;"
";ЗБ22188;ШКАФ ПОСУДОЧНЫЙ;"
";3419;ШКАФ УП;"
";3418;ШКАФ УПР;"
";3417;ШКАФ УПРАВ;"
";2939;ШКАФ ЭЛЕКТР;?"
";26286;ШКАФ POLAIR КОМБИНИР.;"
";11493;ШЛИФОВАЛЬНЫЙ СТАНОК;?"
";26270;""ШТАБЕЛЕР РУЧНОЙ """"ТУРА"""""";?"
";26909;ШТАБЕЛЕР FX 12/38;"
";27028;ШТАБЕЛЕР FX 12/38;"
";27029;ШТАБЕЛЕР FX 12/38;"
";22582;ШТАМП Ш-13464;?"
";22583;ШТАМП Ш-13464;?"
";22620;ШТАМП Ш-13465;?"
";22621;ШТАМП Ш-13465;?"
";11534;ШТАНГЕНЦИРКУЛЬ ЦИФРОВОЙ;?"
";24997;ЩИТ Щ-1;"
";ЗБ25093;ЭЛЕКТРОПЕЧЬ КАМЕРНАЯ;"
";ЗБ23095;ДЕЖА К ТЕСТОМОСУ ТММ-1М;"
";ЗБ23096;ДЕЖА К ТЕСТОМОСУ ТММ-1М;"
";ЗБ23192;ОБОГРЕВАТЕЛЬ;"
";ЗБ24269;КОНДИЦИОНЕР LG W05LC;"
";ЗБ24998;ДИАГРАММА КАМЕРНАЯ;"
";ЗБ25093;ЭЛЕКТРОПЕЧЬ КАМЕРНАЯ;"
";ЗБ25112;СТ ТОКАРНО-РЕВОЛЬВЕР;ПИТЛЕР;"
";ЗБ25114;СТ ТОКАРНО-ОБТОЧН.;ШП-11065;"
";ЗБ25119;МОНОРЕЛЬС;"
";ЗБ25120;МОНОРЕЛЬС;"
";ЗБ25121;МОНОРЕЛЬС;"
";ЗБ25122;МОНОРЕЛЬС;"
"730;ЗБ25182;ВАННА Д/НЕЙТР-ЦИИ ТАРЫ;"
"730;ЗБ25183;ВАННА Д/ПРОМЫВКИ ТАРЫ;"
";ЗБ25710;ПЕЧЬ СВЧ SAMSUNG;"
";ЗБ25874;""КРАН КОНСОЛЬНЫЙ; 3Т; РЕГ.№ 193"";"
"РАСПОЛОЖЕНИЕ (ЦЕХ ИЛИ УЧАСТОК);ИНВ. НОМЕР;НАИМЕНОВАНИЕ ОБОРУДОВАНИЯ;МОДЕЛЬ;"
